Mission Health UK Limited,Dartford,Kent,Worker (A rating),Skilled Worker
Mission Mars Limited,Manchester,,Worker (A rating),Skilled Worker
Mission Therapeutics Limited,"Babraham, Cambridge",Cambridgeshire,Worker (A rating),Skilled Worker
Mission Translations Limited,Birmingham,,Worker (A rating),Skilled Worker
Mission Zero Technologies Ltd,London,,Worker (A rating),Skilled Worker
Mission2care Ltd,Nottingham,,Worker (A rating),Skilled Worker
Mission44,London,,Worker (A rating),Skilled Worker
Missionaries of Charity Brothers,Manchester,,Temporary Worker (A rating),Religious Worker
Missionaries of Charity Brothers,Manchester,,Worker (A rating),Tier 2 Ministers of Religion
Missionaries of Charity,London,,Worker (A rating),Tier 2 Ministers of Religion
MISSIONARIES OF ST FRANCIS DE SALES,HARROGATE,N Yorkshire,Worker (A rating),Tier 2 Ministers of Religion
Missionaries of the Sacred Heart of Jesus,London,,Worker (A rating),Tier 2 Ministers of Religion
Missionaries of the Sacred Heart of Jesus,London,,Temporary Worker (A rating),Religious Worker
Missionary Sisters of the Immaculate,London,,Worker (A rating),Tier 2 Ministers of Religion
Missionary Sisters of the Immaculate,London,,Temporary Worker (A rating),Religious Worker
Missionary Society of St Paul,Brixton,London,Worker (A rating),Tier 2 Ministers of Religion
Missionary Society of St Paul,Brixton,London,Temporary Worker (A rating),Religious Worker
Mississippi Chicken and Pizza,Dagenham,,Worker (A rating),Skilled Worker
Missoma,London,,Worker (A rating),Skilled Worker
Mister Men Limited,London,,Worker (A rating),Skilled Worker
Mister Men Limited,London,,Worker (A rating),Global Business Mobility: Senior or Specialist Worker
Mistev Export Health Certification Limited,Edinburgh,,Worker (A rating),Skilled Worker
Misti Enterprises (UK) Limited,Dunstable,Central Bedfordshire,Worker (A rating),Skilled Worker
MISTIS LTD,Essex,,Worker (A rating),Skilled Worker
Mistley Cricket Club,Manningtree,Essex,Worker (A rating),International Sportsperson
Mistral Care Homes,Strathpeffer,Ross-shire,Worker (A rating),Skilled Worker
Mistras Group Limited,Cambridge,,Worker (A rating),Global Business Mobility: Senior or Specialist Worker
Mistras Group Limited,Cambridge,,Worker (A rating),Skilled Worker
MISTRY CAKES LIMITED,Norbury,,Worker (A rating),Skilled Worker
Mistura Enterprise Limited,Ashington,Northumberland,Worker (A rating),Skilled Worker
Mistvale Ltd,Longfield,Kent,Worker (A rating),Skilled Worker
Misun Kim T/A Jinny Salon,New Malden,Surrey,Worker (A rating),Skilled Worker
MITALI (ACCRINGTON) LTD,ACCRINGTON,,Worker (A rating),Skilled Worker
Mitcham Building Supplies Ltd T/A MBS Ltd,Kent,,Worker (A rating),Skilled Worker
Mitcham Dental Care,Mitcham,,Worker (A rating),Skilled Worker
Mitcheldean Surgery,Mitcheldean,Gloucestershire,Worker (A rating),Skilled Worker
Mitchell & Cleary Ltd t/a Your Care,Hersden,Kent,Worker (A rating),Skilled Worker
Mitchell & Murdoch Care LTD,Perth,,Worker (A rating),Skilled Worker
Mitchells & Butlers PLC,Birmingham,,Worker (A rating),Skilled Worker
Mitchell's Care Homes Limited,Smallfield,SURREY,Worker (A rating),Skilled Worker
MITCHELL'S NEWSAGENT T/A COSTCUTTER,BOURNEMOUTH,,Worker (A rating),Skilled Worker
MI-TEC IT SOLUTIONS LTD,PETERBOROUGH,,Worker (A rating),Skilled Worker
MiTek Industries Limited,Dudley,,Worker (A rating),Skilled Worker
